Const,Your Rating,Date Rated,Title,URL,Title Type,IMDb Rating,Runtime (mins),Year,Genres,Num Votes,Release Date,Directors
tt1856101,9,13-10-2024,,,,,,,,,,
tt0100157,4,13-10-2024,,,,,,,,,,
tt0097165,7,13-10-2024,,,,,,,,,,
tt1979320,7,13-10-2024,,,,,,,,,,
tt0457430,2,13-10-2024,,,,,,,,,,
tt11219254,8,13-10-2024,,,,,,,,,,
tt2218988,5,13-10-2024,,,,,,,,,,
tt2582846,8,13-10-2024,,,,,,,,,,
tt3841424,8,13-10-2024,,,,,,,,,,
tt9603212,8,13-10-2024,,,,,,,,,,
tt1454029,7,13-10-2024,,,,,,,,,,
tt1663202,6,13-10-2024,,,,,,,,,,
tt26458038,5,13-10-2024,,,,,,,,,,
tt21626284,9,13-10-2024,,,,,,,,,,
tt26672512,7,13-10-2024,,,,,,,,,,
tt11052808,6,13-10-2024,,,,,,,,,,
tt13087958,5,13-10-2024,,,,,,,,,,
tt14182646,6,13-10-2024,,,,,,,,,,
tt1596363,9,13-10-2024,,,,,,,,,,
tt8946378,9,13-10-2024,,,,,,,,,,
tt22818604,6,13-10-2024,,,,,,,,,,
tt27610443,6,13-10-2024,,,,,,,,,,
tt23849204,10,13-10-2024,,,,,,,,,,
tt6700846,10,13-10-2024,,,,,,,,,,
tt28184712,4,13-10-2024,,,,,,,,,,
tt1615147,9,13-10-2024,,,,,,,,,,
tt6294822,8,13-10-2024,,,,,,,,,,
tt9071322,10,13-10-2024,,,,,,,,,,
tt11464826,9,13-10-2024,,,,,,,,,,
tt4857264,10,13-10-2024,,,,,,,,,,
tt0111161,9,13-10-2024,,,,,,,,,,
tt2080374,7,13-10-2024,,,,,,,,,,
tt27540185,9,13-10-2024,,,,,,,,,,
tt15398776,10,13-10-2024,,,,,,,,,,
tt3783958,9,13-10-2024,,,,,,,,,,
tt6751668,10,13-10-2024,,,,,,,,,,
tt2119532,7,13-10-2024,,,,,,,,,,
tt1130884,9,13-10-2024,,,,,,,,,,
tt1016150,10,13-10-2024,,,,,,,,,,
tt0450259,5,13-10-2024,,,,,,,,,,
tt14986224,7,13-10-2024,,,,,,,,,,
tt11663228,6,13-10-2024,,,,,,,,,,
tt13238346,7,13-10-2024,,,,,,,,,,
tt0295192,6,13-10-2024,,,,,,,,,,
tt2084970,9,13-10-2024,,,,,,,,,,
tt16211122,6,13-10-2024,,,,,,,,,,
tt11375428,7,13-10-2024,,,,,,,,,,
tt0758774,5,13-10-2024,,,,,,,,,,
tt16444750,10,13-10-2024,,,,,,,,,,
tt1745960,9,13-10-2024,,,,,,,,,,
tt26691319,5,13-10-2024,,,,,,,,,,
tt1535109,6,13-10-2024,,,,,,,,,,
tt1630029,9,13-10-2024,,,,,,,,,,
tt1486834,8,13-10-2024,,,,,,,,,,
tt9484998,6,13-10-2024,,,,,,,,,,
tt5998104,9,13-10-2024,,,,,,,,,,
tt16419074,8,13-10-2024,,,,,,,,,,
tt4271820,9,13-10-2024,,,,,,,,,,
tt14376344,5,13-10-2024,,,,,,,,,,
tt2342227,9,13-10-2024,,,,,,,,,,
tt10701074,5,13-10-2024,,,,,,,,,,
tt22027654,4,13-10-2024,,,,,,,,,,
tt21261388,7,13-10-2024,,,,,,,,,,
tt16428256,8,13-10-2024,,,,,,,,,,
tt3315342,6,13-10-2024,,,,,,,,,,
tt1430132,6,13-10-2024,,,,,,,,,,
tt0458525,5,13-10-2024,,,,,,,,,,
tt10300570,6,13-10-2024,,,,,,,,,,
tt0876563,6,13-10-2024,,,,,,,,,,
tt1853728,6,13-10-2024,,,,,,,,,,
tt1392214,5,13-10-2024,,,,,,,,,,
tt3413018,8,13-10-2024,,,,,,,,,,
tt13056052,7,13-10-2024,,,,,,,,,,
tt0209144,4,13-10-2024,,,,,,,,,,
tt0482571,8,13-10-2024,,,,,,,,,,
tt0075314,4,13-10-2024,,,,,,,,,,
tt10640346,7,13-10-2024,,,,,,,,,,
tt24067680,8,13-10-2024,,,,,,,,,,
tt4633694,9,13-10-2024,,,,,,,,,,
tt5463162,4,13-10-2024,,,,,,,,,,
tt1022603,7,13-10-2024,,,,,,,,,,
tt11998558,3,13-10-2024,,,,,,,,,,
tt9114286,5,13-10-2024,,,,,,,,,,
tt15301048,7,13-10-2024,,,,,,,,,,
tt16303830,4,13-10-2024,,,,,,,,,,
tt1877830,9,13-10-2024,,,,,,,,,,
tt3717532,4,13-10-2024,,,,,,,,,,
tt0372784,8,13-10-2024,,,,,,,,,,
tt22488728,10,13-10-2024,,,,,,,,,,
tt21617996,3,13-10-2024,,,,,,,,,,
tt0496806,8,13-10-2024,,,,,,,,,,
tt0349903,7,13-10-2024,,,,,,,,,,
tt0240772,9,13-10-2024,,,,,,,,,,
tt0945513,8,13-10-2024,,,,,,,,,,
tt14927320,7,13-10-2024,,,,,,,,,,
tt5311514,8,13-10-2024,,,,,,,,,,
tt9426210,9,13-10-2024,,,,,,,,,,
tt7518786,9,13-10-2024,,,,,,,,,,
tt0988982,5,13-10-2024,,,,,,,,,,
tt0476680,3,13-10-2024,,,,,,,,,,
tt1454468,8,13-10-2024,,,,,,,,,,
tt0840361,6,13-10-2024,,,,,,,,,,
tt0910970,10,13-10-2024,,,,,,,,,,
tt10648342,7,13-10-2024,,,,,,,,,,
tt4983780,6,13-10-2024,,,,,,,,,,
tt4925292,6,13-10-2024,,,,,,,,,,
tt1798709,9,13-10-2024,,,,,,,,,,
tt3450958,10,13-10-2024,,,,,,,,,,
tt2103281,8,13-10-2024,,,,,,,,,,
tt1318514,8,13-10-2024,,,,,,,,,,
tt1879016,9,13-10-2024,,,,,,,,,,
tt4540710,10,13-10-2024,,,,,,,,,,
tt8236336,9,13-10-2024,,,,,,,,,,
tt2057392,9,13-10-2024,,,,,,,,,,
tt0983213,9,13-10-2024,,,,,,,,,,
tt1185836,7,13-10-2024,,,,,,,,,,
tt5013056,9,13-10-2024,,,,,,,,,,
tt11618536,7,13-10-2024,,,,,,,,,,
tt1001508,6,13-10-2024,,,,,,,,,,
tt0137523,7,13-10-2024,,,,,,,,,,
tt0118528,8,13-10-2024,,,,,,,,,,
tt7286456,7,13-10-2024,,,,,,,,,,
tt8191502,8,13-10-2024,,,,,,,,,,
tt0407887,7,13-10-2024,,,,,,,,,,
tt5912454,7,13-10-2024,,,,,,,,,,
tt3640424,8,13-10-2024,,,,,,,,,,
tt3281548,10,13-10-2024,,,,,,,,,,
tt2911666,3,13-10-2024,,,,,,,,,,
tt2337981,7,13-10-2024,,,,,,,,,,
tt9777666,10,13-10-2024,,,,,,,,,,
tt1535108,5,13-10-2024,,,,,,,,,,
tt2969656,9,13-10-2024,,,,,,,,,,
tt2592808,4,13-10-2024,,,,,,,,,,
tt4273886,10,13-10-2024,,,,,,,,,,
tt11083552,7,13-10-2024,,,,,,,,,,
tt6710474,9,13-10-2024,,,,,,,,,,
tt6723592,9,13-10-2024,,,,,,,,,,
tt0172495,5,13-10-2024,,,,,,,,,,
tt2082180,9,13-10-2024,,,,,,,,,,
tt6333060,8,13-10-2024,,,,,,,,,,
tt8404614,7,13-10-2024,,,,,,,,,,
tt8579674,9,13-10-2024,,,,,,,,,,
tt7888964,5,13-10-2024,,,,,,,,,,
tt1403988,8,13-10-2024,,,,,,,,,,
tt1385826,8,13-10-2024,,,,,,,,,,
tt10370710,7,13-10-2024,,,,,,,,,,
tt13528564,10,13-10-2024,,,,,,,,,,
tt1895587,9,13-10-2024,,,,,,,,,,
tt3659388,10,13-10-2024,,,,,,,,,,
tt4196776,8,13-10-2024,,,,,,,,,,
tt1194173,5,13-10-2024,,,,,,,,,,
tt9179430,6,13-10-2024,,,,,,,,,,
tt0440963,8,13-10-2024,,,,,,,,,,
tt0372183,6,13-10-2024,,,,,,,,,,
tt0258463,7,13-10-2024,,,,,,,,,,
tt8951086,10,13-10-2024,,,,,,,,,,
tt2592336,9,13-10-2024,,,,,,,,,,
tt6430360,9,13-10-2024,,,,,,,,,,
tt9419884,8,13-10-2024,,,,,,,,,,
tt9620292,6,13-10-2024,,,,,,,,,,
tt1872818,8,13-10-2024,,,,,,,,,,
tt7657566,10,13-10-2024,,,,,,,,,,
tt1504320,8,13-10-2024,,,,,,,,,,
tt2386490,8,13-10-2024,,,,,,,,,,
tt5867800,5,13-10-2024,,,,,,,,,,
tt1646971,7,13-10-2024,,,,,,,,,,
tt19704638,8,13-10-2024,,,,,,,,,,
tt0816692,8,13-10-2024,,,,,,,,,,
tt2180339,7,13-10-2024,,,,,,,,,,
tt11893274,9,13-10-2024,,,,,,,,,,
tt2267968,6,13-10-2024,,,,,,,,,,
tt10709484,6,13-10-2024,,,,,,,,,,
tt4912910,9,13-10-2024,,,,,,,,,,
tt10661848,8,13-10-2024,,,,,,,,,,
tt2382320,9,13-10-2024,,,,,,,,,,
tt10698680,6,13-10-2024,,,,,,,,,,
tt2379713,8,13-10-2024,,,,,,,,,,
tt7838252,5,13-10-2024,,,,,,,,,,
tt0264464,9,13-10-2024,,,,,,,,,,
tt0246460,6,13-10-2024,,,,,,,,,,
tt0830515,9,13-10-2024,,,,,,,,,,
tt0112553,5,13-10-2024,,,,,,,,,,
tt0381061,9,13-10-2024,,,,,,,,,,
tt10872600,7,13-10-2024,,,,,,,,,,
tt7126948,4,13-10-2024,,,,,,,,,,
tt9032400,9,13-10-2024,,,,,,,,,,
tt9376612,10,13-10-2024,,,,,,,,,,
tt6320628,7,13-10-2024,,,,,,,,,,
tt2980516,9,13-10-2024,,,,,,,,,,
tt6914542,8,13-10-2024,,,,,,,,,,
tt1302006,8,13-10-2024,,,,,,,,,,
tt5615904,7,13-10-2024,,,,,,,,,,
tt12792418,7,13-10-2024,,,,,,,,,,
tt8033592,10,13-10-2024,,,,,,,,,,
tt4154796,8,13-10-2024,,,,,,,,,,
tt4154756,10,13-10-2024,,,,,,,,,,
tt5095030,4,13-10-2024,,,,,,,,,,
tt3501632,7,13-10-2024,,,,,,,,,,
tt1211837,6,13-10-2024,,,,,,,,,,
tt1825683,6,13-10-2024,,,,,,,,,,
tt2250912,6,13-10-2024,,,,,,,,,,
tt3480822,7,13-10-2024,,,,,,,,,,
tt4916630,8,13-10-2024,,,,,,,,,,
tt3108894,9,13-10-2024,,,,,,,,,,
tt9389998,6,13-10-2024,,,,,,,,,,
tt11233960,7,13-10-2024,,,,,,,,,,
tt7282468,7,13-10-2024,,,,,,,,,,
tt8092252,9,13-10-2024,,,,,,,,,,
tt10763618,8,13-10-2024,,,,,,,,,,
tt14599938,8,13-10-2024,,,,,,,,,,
tt15097216,9,13-10-2024,,,,,,,,,,
tt2872718,7,13-10-2024,,,,,,,,,,
tt5164214,7,13-10-2024,,,,,,,,,,
tt9243946,7,13-10-2024,,,,,,,,,,
tt11580854,9,13-10-2024,,,,,,,,,,
tt10152736,6,13-10-2024,,,,,,,,,,
tt7957694,9,13-10-2024,,,,,,,,,,
tt2213054,9,13-10-2024,,,,,,,,,,
tt0485323,7,13-10-2024,,,,,,,,,,
tt10016180,7,13-10-2024,,,,,,,,,,
tt6436726,8,13-10-2024,,,,,,,,,,
tt14493552,8,13-10-2024,,,,,,,,,,
tt4276820,9,13-10-2024,,,,,,,,,,
tt12361178,5,13-10-2024,,,,,,,,,,
tt10579952,8,13-10-2024,,,,,,,,,,
tt9683478,10,13-10-2024,,,,,,,,,,
tt1937339,10,13-10-2024,,,,,,,,,,
tt11991132,4,13-10-2024,,,,,,,,,,
tt0109424,6,13-10-2024,,,,,,,,,,
tt3498820,9,13-10-2024,,,,,,,,,,
tt1790885,8,13-10-2024,,,,,,,,,,
tt13529034,5,13-10-2024,,,,,,,,,,
tt10687070,5,13-10-2024,,,,,,,,,,
tt2395427,8,13-10-2024,,,,,,,,,,
tt2877108,8,13-10-2024,,,,,,,,,,
tt0848228,9,13-10-2024,,,,,,,,,,
tt3922798,8,13-10-2024,,,,,,,,,,
tt1843866,8,13-10-2024,,,,,,,,,,
tt4679210,7,13-10-2024,,,,,,,,,,
tt9252468,9,13-10-2024,,,,,,,,,,
tt9052870,10,13-10-2024,,,,,,,,,,
tt1070874,10,13-10-2024,,,,,,,,,,
tt7986222,8,13-10-2024,,,,,,,,,,
tt7938092,8,13-10-2024,,,,,,,,,,
tt3822396,8,13-10-2024,,,,,,,,,,
tt6472976,9,13-10-2024,,,,,,,,,,
tt6515910,7,13-10-2024,,,,,,,,,,
tt0458339,7,13-10-2024,,,,,,,,,,
tt3907584,6,13-10-2024,,,,,,,,,,
tt4154664,6,13-10-2024,,,,,,,,,,
tt3896198,4,13-10-2024,,,,,,,,,,
tt4849438,6,13-10-2024,,,,,,,,,,
tt0478970,6,13-10-2024,,,,,,,,,,
tt2015381,6,13-10-2024,,,,,,,,,,
tt0449630,6,13-10-2024,,,,,,,,,,
tt1809398,9,13-10-2024,,,,,,,,,,
tt0800369,3,13-10-2024,,,,,,,,,,
tt4550420,6,13-10-2024,,,,,,,,,,
tt11374902,10,13-10-2024,,,,,,,,,,
tt0804497,7,13-10-2024,,,,,,,,,,
tt4471608,8,13-10-2024,,,,,,,,,,
tt0114814,6,13-10-2024,,,,,,,,,,
tt6148156,7,13-10-2024,,,,,,,,,,
tt1413492,8,13-10-2024,,,,,,,,,,
tt10189514,10,13-10-2024,,,,,,,,,,
tt1800241,8,13-10-2024,,,,,,,,,,
tt0317248,6,13-10-2024,,,,,,,,,,
tt0108185,9,13-10-2024,,,,,,,,,,
tt0454921,8,13-10-2024,,,,,,,,,,
tt8303612,6,13-10-2024,,,,,,,,,,
tt7056732,8,13-10-2024,,,,,,,,,,
tt1950186,10,13-10-2024,,,,,,,,,,
tt5462602,7,13-10-2024,,,,,,,,,,
tt9260636,6,13-10-2024,,,,,,,,,,
tt2543164,9,13-10-2024,,,,,,,,,,
tt2096673,7,13-10-2024,,,,,,,,,,
tt1065073,7,13-10-2024,,,,,,,,,,
tt11143108,7,13-10-2024,,,,,,,,,,
tt1024648,8,13-10-2024,,,,,,,,,,
tt2024544,10,13-10-2024,,,,,,,,,,
tt2123129,8,13-10-2024,,,,,,,,,,
tt11311958,2,13-10-2024,,,,,,,,,,
tt2179136,9,13-10-2024,,,,,,,,,,
tt7161122,9,13-10-2024,,,,,,,,,,
tt5630718,9,13-10-2024,,,,,,,,,,
tt8042292,9,13-10-2024,,,,,,,,,,
tt0817177,8,13-10-2024,,,,,,,,,,
tt3681470,7,13-10-2024,,,,,,,,,,
tt1386697,7,13-10-2024,,,,,,,,,,
tt0325710,10,13-10-2024,,,,,,,,,,
tt0373074,7,13-10-2024,,,,,,,,,,
tt2756032,10,13-10-2024,,,,,,,,,,
tt0892769,9,13-10-2024,,,,,,,,,,
tt0181689,8,13-10-2024,,,,,,,,,,
tt2562162,7,13-10-2024,,,,,,,,,,
tt0241527,8,13-10-2024,,,,,,,,,,
tt2180477,8,13-10-2024,,,,,,,,,,
tt0304141,8,13-10-2024,,,,,,,,,,
tt1228705,8,13-10-2024,,,,,,,,,,
tt3822388,6,13-10-2024,,,,,,,,,,
tt1855110,7,13-10-2024,,,,,,,,,,
tt4987556,8,13-10-2024,,,,,,,,,,
tt3464902,6,13-10-2024,,,,,,,,,,
tt0198781,9,13-10-2024,,,,,,,,,,
tt1343092,8,13-10-2024,,,,,,,,,,
tt0098635,7,13-10-2024,,,,,,,,,,
tt0382625,9,13-10-2024,,,,,,,,,,
tt0871510,8,13-10-2024,,,,,,,,,,
tt2194499,8,13-10-2024,,,,,,,,,,
tt0259324,5,13-10-2024,,,,,,,,,,
tt2582802,8,13-10-2024,,,,,,,,,,
tt0464071,8,13-10-2024,,,,,,,,,,
tt0449951,8,13-10-2024,,,,,,,,,,
tt1483013,8,13-10-2024,,,,,,,,,,
tt0373733,7,13-10-2024,,,,,,,,,,
tt1670345,8,13-10-2024,,,,,,,,,,
tt0452608,8,13-10-2024,,,,,,,,,,
tt1496380,9,13-10-2024,,,,,,,,,,
tt0126029,8,13-10-2024,,,,,,,,,,
tt0988045,9,13-10-2024,,,,,,,,,,
tt0210945,9,13-10-2024,,,,,,,,,,
tt0343818,7,13-10-2024,,,,,,,,,,
tt0373889,8,13-10-2024,,,,,,,,,,
tt1093370,8,13-10-2024,,,,,,,,,,
tt1010048,8,13-10-2024,,,,,,,,,,
tt0457939,4,13-10-2024,,,,,,,,,,
tt0361748,9,13-10-2024,,,,,,,,,,
tt0926084,9,13-10-2024,,,,,,,,,,
tt1201607,9,13-10-2024,,,,,,,,,,
tt0104257,9,13-10-2024,,,,,,,,,,
tt0993846,9,13-10-2024,,,,,,,,,,
tt0352248,9,13-10-2024,,,,,,,,,,
tt0330373,9,13-10-2024,,,,,,,,,,
tt0295297,8,13-10-2024,,,,,,,,,,
tt0133093,9,13-10-2024,,,,,,,,,,
tt0234215,9,13-10-2024,,,,,,,,,,
tt0242653,9,13-10-2024,,,,,,,,,,
tt0240890,7,13-10-2024,,,,,,,,,,
tt1997455,8,13-10-2024,,,,,,,,,,
tt0441773,9,13-10-2024,,,,,,,,,,
tt1417299,8,13-10-2024,,,,,,,,,,
tt1300854,8,13-10-2024,,,,,,,,,,
tt2381249,9,13-10-2024,,,,,,,,,,
tt1659337,8,13-10-2024,,,,,,,,,,
tt1638002,8,13-10-2024,,,,,,,,,,
tt5074352,8,13-10-2024,,,,,,,,,,
tt1001526,10,13-10-2024,,,,,,,,,,
tt1013743,6,13-10-2024,,,,,,,,,,
tt1190080,8,13-10-2024,,,,,,,,,,
tt1285016,8,13-10-2024,,,,,,,,,,
tt1074638,9,13-10-2024,,,,,,,,,,
tt1243957,7,13-10-2024,,,,,,,,,,
tt0907657,7,13-10-2024,,,,,,,,,,
tt1187043,9,13-10-2024,,,,,,,,,,
tt1037705,9,13-10-2024,,,,,,,,,,
tt7633170,8,13-10-2024,,,,,,,,,,
tt0479751,5,13-10-2024,,,,,,,,,,
tt0382932,10,13-10-2024,,,,,,,,,,
tt1355546,7,13-10-2024,,,,,,,,,,
tt0499549,8,13-10-2024,,,,,,,,,,
tt0376127,8,13-10-2024,,,,,,,,,,
tt1078940,2,13-10-2024,,,,,,,,,,
tt1638364,9,13-10-2024,,,,,,,,,,
tt0068646,6,13-10-2024,,,,,,,,,,
tt0468569,9,13-10-2024,,,,,,,,,,
tt3215258,6,13-10-2024,,,,,,,,,,
tt3203910,7,13-10-2024,,,,,,,,,,
tt0371746,8,13-10-2024,,,,,,,,,,
tt0800080,8,13-10-2024,,,,,,,,,,
tt4991384,8,13-10-2024,,,,,,,,,,
tt2375763,9,13-10-2024,,,,,,,,,,
tt3797868,7,13-10-2024,,,,,,,,,,
tt0429493,8,13-10-2024,,,,,,,,,,
tt1045658,6,13-10-2024,,,,,,,,,,
tt0417741,9,13-10-2024,,,,,,,,,,
tt1720616,7,13-10-2024,,,,,,,,,,
tt2065924,7,13-10-2024,,,,,,,,,,
tt0092099,8,13-10-2024,,,,,,,,,,
tt0250224,8,13-10-2024,,,,,,,,,,
tt1436562,8,13-10-2024,,,,,,,,,,
tt1542344,4,13-10-2024,,,,,,,,,,
tt1365030,8,13-10-2024,,,,,,,,,,
tt1496832,5,13-10-2024,,,,,,,,,,
tt6268114,6,13-10-2024,,,,,,,,,,
tt0433035,5,13-10-2024,,,,,,,,,,
tt0398286,10,13-10-2024,,,,,,,,,,
tt1180583,7,13-10-2024,,,,,,,,,,
tt1375670,7,13-10-2024,,,,,,,,,,
tt0477080,8,13-10-2024,,,,,,,,,,
tt0758752,8,13-10-2024,,,,,,,,,,
tt0338013,6,13-10-2024,,,,,,,,,,
tt7019842,9,13-10-2024,,,,,,,,,,
tt1334260,10,13-10-2024,,,,,,,,,,
tt4799066,8,13-10-2024,,,,,,,,,,
tt1411238,6,13-10-2024,,,,,,,,,,
tt2674426,7,13-10-2024,,,,,,,,,,
tt1714206,9,13-10-2024,,,,,,,,,,
tt1631867,8,13-10-2024,,,,,,,,,,
tt2187153,7,13-10-2024,,,,,,,,,,
tt0398165,8,13-10-2024,,,,,,,,,,
tt3801314,8,13-10-2024,,,,,,,,,,
tt0387808,6,13-10-2024,,,,,,,,,,
tt0120630,8,13-10-2024,,,,,,,,,,
tt0119217,8,13-10-2024,,,,,,,,,,
tt1188996,8,13-10-2024,,,,,,,,,,
tt0985699,10,13-10-2024,,,,,,,,,,
tt1292566,8,13-10-2024,,,,,,,,,,
tt2486678,8,13-10-2024,,,,,,,,,,
tt1515091,8,13-10-2024,,,,,,,,,,
tt0832266,8,13-10-2024,,,,,,,,,,
tt7778680,10,13-10-2024,,,,,,,,,,
tt0111257,8,13-10-2024,,,,,,,,,,
tt1229238,9,13-10-2024,,,,,,,,,,
tt2181931,8,13-10-2024,,,,,,,,,,
tt1375666,10,13-10-2024,,,,,,,,,,
tt0317919,9,13-10-2024,,,,,,,,,,
tt0120755,8,13-10-2024,,,,,,,,,,
tt0117060,8,13-10-2024,,,,,,,,,,
tt2205697,8,13-10-2024,,,,,,,,,,
tt0756683,7,13-10-2024,,,,,,,,,,
tt1049413,8,13-10-2024,,,,,,,,,,
tt2717860,8,13-10-2024,,,,,,,,,,
tt0443543,7,13-10-2024,,,,,,,,,,
tt1305797,5,13-10-2024,,,,,,,,,,
tt0314331,7,13-10-2024,,,,,,,,,,
tt1599348,9,13-10-2024,,,,,,,,,,
tt1382339,8,13-10-2024,,,,,,,,,,
tt0422320,7,13-10-2024,,,,,,,,,,
tt0459449,7,13-10-2024,,,,,,,,,,
tt0443465,8,13-10-2024,,,,,,,,,,
tt1496872,8,13-10-2024,,,,,,,,,,
tt0268978,9,13-10-2024,,,,,,,,,,
tt1606183,8,13-10-2024,,,,,,,,,,
tt0480249,8,13-10-2024,,,,,,,,,,
tt1563738,8,13-10-2024,,,,,,,,,,
tt1632708,6,13-10-2024,,,,,,,,,,
tt0242256,7,13-10-2024,,,,,,,,,,
tt0385928,9,13-10-2024,,,,,,,,,,
tt1345836,9,13-10-2024,,,,,,,,,,
tt0423470,8,13-10-2024,,,,,,,,,,
tt0108052,8,13-10-2024,,,,,,,,,,
tt1189340,8,13-10-2024,,,,,,,,,,
tt0319262,8,13-10-2024,,,,,,,,,,
tt1637688,8,13-10-2024,,,,,,,,,,
tt1431045,7,13-10-2024,,,,,,,,,,
tt1302011,9,13-10-2024,,,,,,,,,,
tt1851988,8,13-10-2024,,,,,,,,,,
tt1655607,6,13-10-2024,,,,,,,,,,
tt0448157,8,13-10-2024,,,,,,,,,,
tt1562872,10,13-10-2024,,,,,,,,,,
tt1210166,10,13-10-2024,,,,,,,,,,
tt2356180,9,13-10-2024,,,,,,,,,,
